<?xml version="1.0" encoding="utf-8" ?>
<dwsync>
<file name="icon_sprite.png" server="ftp1.ftptoyoursite.com" local="128840315900000000" remote="128861928000000000" />
<file name="logo.png" server="ftp1.ftptoyoursite.com" local="128837023260000000" remote="128861928000000000" />
<file name="module_caps_sprite_bg.png" server="ftp1.ftptoyoursite.com" local="128844757880000000" remote="128861928000000000" />
<file name="alere_logo_footer.png" server="ftp1.ftptoyoursite.com" local="128844757880000000" remote="128861928000000000" />
<file name="credit_counter_bg.png" server="ftp1.ftptoyoursite.com" local="128840478400000000" remote="128861928000000000" />
<file name="news.png" server="ftp1.ftptoyoursite.com" local="128837023260000000" remote="128861928000000000" />
<file name="header_bg.png" server="ftp1.ftptoyoursite.com" local="128837023260000000" remote="128861929800000000" />
<file name="header_footer_bg.png" server="ftp1.ftptoyoursite.com" local="128837023260000000" remote="128861929800000000" />
<file name="sidebar_credit_counter_bg.png" server="ftp1.ftptoyoursite.com" local="128837023260000000" remote="128861929800000000" />
</dwsync>