<?xml version="1.0" encoding="utf-8" ?>
<dwsync>
<file name="blueprint_rb.html" server="ftp1.ftptoyoursite.com" local="128844757880000000" remote="128861929200000000" />
<file name="compressor_rb.html" server="ftp1.ftptoyoursite.com" local="128844757880000000" remote="128861929200000000" />
<file name="core_ext_rb.html" server="ftp1.ftptoyoursite.com" local="128844757880000000" remote="128861929200000000" />
<file name="css_parser_rb.html" server="ftp1.ftptoyoursite.com" local="128844757880000000" remote="128861929200000000" />
<file name="custom_layout_rb.html" server="ftp1.ftptoyoursite.com" local="128844757880000000" remote="128861929200000000" />
<file name="grid_builder_rb.html" server="ftp1.ftptoyoursite.com" local="128844757880000000" remote="128861929200000000" />
<file name="namespace_rb.html" server="ftp1.ftptoyoursite.com" local="128844757880000000" remote="128861929200000000" />
<file name="semantic_class_names_rb.html" server="ftp1.ftptoyoursite.com" local="128844757880000000" remote="128861929200000000" />
<file name="validator_rb.html" server="ftp1.ftptoyoursite.com" local="128844757880000000" remote="128861929200000000" />
</dwsync>