<?xml version="1.0" encoding="utf-8" ?>
<dwsync>
<file name="article_listing.inc.php" server="ftp1.ftptoyoursite.com" local="128840478400000000" remote="128861930400000000" />
<file name="generic_alternate.inc.php" server="ftp1.ftptoyoursite.com" local="128840460500000000" remote="128861930400000000" />
<file name="generic_main.inc.php" server="ftp1.ftptoyoursite.com" local="128840460500000000" remote="128861930400000000" />
<file name="generic_main_with_subtext.inc.php" server="ftp1.ftptoyoursite.com" local="128840478400000000" remote="128861930400000000" />
<file name="generic_with_more.inc.php" server="ftp1.ftptoyoursite.com" local="128841310560000000" remote="128861930400000000" />
<file name="meal_planner.inc.php" server="ftp1.ftptoyoursite.com" local="128843137720000000" remote="128861930400000000" />
<file name="meal_plan_signup.inc.php" server="ftp1.ftptoyoursite.com" local="128837830000000000" remote="128861930400000000" />
<file name="option_select_with_image_and_input.inc.php" server="ftp1.ftptoyoursite.com" local="128840478400000000" remote="128861930400000000" />
<file name="program_checklist.inc.php" server="ftp1.ftptoyoursite.com" local="128842951200000000" remote="128861930400000000" />
<file name="text_input.inc.php" server="ftp1.ftptoyoursite.com" local="128840460500000000" remote="128861930400000000" />
<file name="true_false_question.inc.php" server="ftp1.ftptoyoursite.com" local="128842245300000000" remote="128861930400000000" />
<file name="video.inc.php" server="ftp1.ftptoyoursite.com" local="128840460500000000" remote="128861930400000000" />
<file name="weekly_log_multiline.inc.php" server="ftp1.ftptoyoursite.com" local="128840478400000000" remote="128861930400000000" />
<file name="weekly_log_single_line.inc.php" server="ftp1.ftptoyoursite.com" local="128840478400000000" remote="128861930400000000" />
</dwsync>