<?xml version="1.0" encoding="utf-8" ?>
<dwsync>
<file name="global.css" server="ftp1.ftptoyoursite.com" local="128861177600000000" remote="128861928000000000" />
<file name="modules.css" server="ftp1.ftptoyoursite.com" local="128844757880000000" remote="128861928000000000" />
<file name="article.css" server="ftp1.ftptoyoursite.com" local="128865313856093750" remote="128865277800000000" />
<file name="sign-in_register.css" server="ftp1.ftptoyoursite.com" local="128848517960000000" remote="128861928000000000" />
<file name="global_ie.css" server="ftp1.ftptoyoursite.com" local="128840315900000000" remote="128861929800000000" />
<file name="recipe.css" server="ftp1.ftptoyoursite.com" local="128850425200000000" remote="128861929800000000" />
<file name="hpa-test.css" server="ftp1.ftptoyoursite.com" local="128870601259843750" remote="128870565000000000" />
<file name="jNice.css" server="ftp1.ftptoyoursite.com" local="128868977278860000" remote="128868940800000000" />
</dwsync>