<?xml version="1.0" encoding="utf-8" ?>
<dwsync>
<file name="module_caps_sprite_bg.png" server="ftp1.ftptoyoursite.com" local="128844757880000000" remote="128861928000000000" />
<file name="border_bg.png" server="ftp1.ftptoyoursite.com" local="128840701860000000" remote="128861928000000000" />
<file name="icon_sprite.png" server="ftp1.ftptoyoursite.com" local="128847347700000000" remote="128861928000000000" />
<file name="sidebar_module_bg.png" server="ftp1.ftptoyoursite.com" local="128840701860000000" remote="128861928000000000" />
<file name="sidebar_credit_counter_bg.png" server="ftp1.ftptoyoursite.com" local="128840701860000000" remote="128861928000000000" />
<file name="module_gradients_bg.png" server="ftp1.ftptoyoursite.com" local="128840701860000000" remote="128861928000000000" />
<file name="welcome_message_bg.png" server="ftp1.ftptoyoursite.com" local="128840701860000000" remote="128861928000000000" />
<file name="button_sprite.png" server="ftp1.ftptoyoursite.com" local="128848247960000000" remote="128861928000000000" />
<file name="progress_bar_sprite.png" server="ftp1.ftptoyoursite.com" local="128867844440000000" remote="128868820800000000" />
</dwsync>