<?xml version="1.0" encoding="utf-8" ?>
<dwsync>
<file name="blueprint.rb" server="ftp1.ftptoyoursite.com" local="128844757880000000" remote="128861929200000000" />
<file name="compressor.rb" server="ftp1.ftptoyoursite.com" local="128844757880000000" remote="128861929200000000" />
<file name="core_ext.rb" server="ftp1.ftptoyoursite.com" local="128844757880000000" remote="128861929200000000" />
<file name="css_parser.rb" server="ftp1.ftptoyoursite.com" local="128844757880000000" remote="128861929200000000" />
<file name="custom_layout.rb" server="ftp1.ftptoyoursite.com" local="128844757880000000" remote="128861929200000000" />
<file name="grid.css.erb" server="ftp1.ftptoyoursite.com" local="128844757880000000" remote="128861929200000000" />
<file name="grid_builder.rb" server="ftp1.ftptoyoursite.com" local="128844757880000000" remote="128861929200000000" />
<file name="namespace.rb" server="ftp1.ftptoyoursite.com" local="128844757880000000" remote="128861929200000000" />
<file name="semantic_class_names.rb" server="ftp1.ftptoyoursite.com" local="128844757880000000" remote="128861929200000000" />
<file name="validator.rb" server="ftp1.ftptoyoursite.com" local="128844757880000000" remote="128861929800000000" />
</dwsync>