<?xml version="1.0" encoding="utf-8" ?>
<dwsync>
<file name="food_sprite_bg.png" server="ftp1.ftptoyoursite.com" local="128837596420000000" remote="128861928000000000" />
<file name="how_are_you_feeling_sprite_bg.png" server="ftp1.ftptoyoursite.com" local="128840315900000000" remote="128861928000000000" />
<file name="food_tracker_bg.png" server="ftp1.ftptoyoursite.com" local="128837830000000000" remote="128861929800000000" />
<file name="incentive_completion.png" server="ftp1.ftptoyoursite.com" local="128844670360000000" remote="128861929800000000" />
<file name="logo-healthology.png" server="ftp1.ftptoyoursite.com" local="128847054400000000" remote="128861929800000000" />
<file name="logo-healthwise.png" server="ftp1.ftptoyoursite.com" local="128837596420000000" remote="128861929800000000" />
<file name="logo-nbc.png" server="ftp1.ftptoyoursite.com" local="128847076800000000" remote="128861929800000000" />
<file name="module-a-picture.png" server="ftp1.ftptoyoursite.com" local="128837596420000000" remote="128861929800000000" />
<file name="module-a-picture1.png" server="ftp1.ftptoyoursite.com" local="128837596420000000" remote="128861929800000000" />
<file name="module-a-picture2-bike.png" server="ftp1.ftptoyoursite.com" local="128849132140000000" remote="128861929800000000" />
<file name="module-a-picture2-bp.png" server="ftp1.ftptoyoursite.com" local="128846444380000000" remote="128861929800000000" />
<file name="module-a-picture2-eggs.png" server="ftp1.ftptoyoursite.com" local="128844652280000000" remote="128861929800000000" />
<file name="module-a-picture2-hlp.png" server="ftp1.ftptoyoursite.com" local="128846951720000000" remote="128861929800000000" />
<file name="module-a-picture2-hpa.png" server="ftp1.ftptoyoursite.com" local="128847118840000000" remote="128861929800000000" />
<file name="module-a-picture2-hpa2.png" server="ftp1.ftptoyoursite.com" local="128847125160000000" remote="128861929800000000" />
<file name="module-a-picture2-mealplanner.png" server="ftp1.ftptoyoursite.com" local="128846980300000000" remote="128861929800000000" />
<file name="module-a-picture2-walk.png" server="ftp1.ftptoyoursite.com" local="128846440580000000" remote="128861929800000000" />
<file name="module-a-picture2-wlhlp.png" server="ftp1.ftptoyoursite.com" local="128846954300000000" remote="128861929800000000" />
<file name="module-a-picture2.png" server="ftp1.ftptoyoursite.com" local="128837596420000000" remote="128861929800000000" />
<file name="module-a-picture3.png" server="ftp1.ftptoyoursite.com" local="128837596420000000" remote="128861929800000000" />
<file name="module-a-picture4.png" server="ftp1.ftptoyoursite.com" local="128837596420000000" remote="128861929800000000" />
<file name="module-a-picture5.png" server="ftp1.ftptoyoursite.com" local="128840315900000000" remote="128861929800000000" />
<file name="module-a-picture6.png" server="ftp1.ftptoyoursite.com" local="128840315900000000" remote="128861929800000000" />
<file name="module-b-icon-eat.png" server="ftp1.ftptoyoursite.com" local="128837596420000000" remote="128861929800000000" />
<file name="module-b-icon-film.png" server="ftp1.ftptoyoursite.com" local="128837596420000000" remote="128861929800000000" />
<file name="module-b-icon-fruit.png" server="ftp1.ftptoyoursite.com" local="128837596420000000" remote="128861929800000000" />
<file name="module-b-icon-read.png" server="ftp1.ftptoyoursite.com" local="128837596420000000" remote="128861929800000000" />
<file name="module-b-icon-steps.png" server="ftp1.ftptoyoursite.com" local="128837830000000000" remote="128861929800000000" />
<file name="module-b-icon1.png" server="ftp1.ftptoyoursite.com" local="128837596420000000" remote="128861929800000000" />
<file name="module-b-icon2.png" server="ftp1.ftptoyoursite.com" local="128837596420000000" remote="128861929800000000" />
<file name="module-b-icon_happyface.png" server="ftp1.ftptoyoursite.com" local="128840315900000000" remote="128861929800000000" />
<file name="online_seminar.png" server="ftp1.ftptoyoursite.com" local="128846454720000000" remote="128861929800000000" />
<file name="video.png" server="ftp1.ftptoyoursite.com" local="128837596420000000" remote="128861929800000000" />
</dwsync>